id,m,k,v
1,产品1,1,84.16542503
2,产品1,2,64.58858663
3,产品1,3,67.24140048
4,产品2,1,87.00866284
5,产品2,2,12.41626319
6,产品2,3,28.24668192
7,产品3,1,76.33252046
8,产品3,2,81.97456974
9,产品3,3,99.99298269
